,date,lat,lng,id
23243,2018-11-30 02:51,59.2647082,18.0085315,3
23244,2018-11-30 02:52,59.2642601,18.0092717,3
23245,2018-11-30 02:53,59.2642443,18.0092471,3
23246,2018-11-30 02:54,59.2647354,18.0086937,3
23247,2018-11-30 02:55,59.263955,18.0094519,3
23248,2018-11-30 02:56,59.26395485669806,18.009452011345367,3
23249,2018-11-30 02:57,59.2640817,18.0089734,3
23250,2018-11-30 02:58,59.2643503,18.0088121,3
23251,2018-11-30 02:59,59.26468,18.0084945,3
23252,2018-11-30 03:00,59.2646796,18.008542,3
23253,2018-11-30 03:01,59.2646908,18.0085007,3
23254,2018-11-30 03:02,59.2646811,18.0085367,3
23255,2018-11-30 03:03,59.2646902,18.0085188,3
23256,2018-11-30 03:04,59.2646884,18.0085145,3
23257,2018-11-30 03:05,59.26436953296932,18.008685968889598,3
23258,2018-11-30 03:06,59.26436163246051,18.0087009366685,3
23259,2018-11-30 03:07,59.26436663187476,18.00869183072237,3
23260,2018-11-30 03:08,59.2646966,18.0085215,3
23261,2018-11-30 03:09,59.26431326789475,18.008881767289097,3
23262,2018-11-30 03:10,59.2646966,18.0085215,3
23263,2018-11-30 03:21,59.2646805,18.0084941,3
23264,2018-11-30 03:22,59.2646792,18.0085022,3
23265,2018-11-30 03:23,59.26468636447001,18.008622521295415,3
23266,2018-11-30 03:24,59.2646788,18.0085037,3
23267,2018-11-30 03:25,59.2646788,18.0085037,3
23268,2018-11-30 03:26,59.26468252119648,18.008625554653708,3
23269,2018-11-30 03:27,59.26467615651749,18.008629326206062,3
23270,2018-11-30 03:51,0.0,0.0,3
23271,2018-11-30 03:52,0.0,0.0,3
23272,2018-11-30 03:53,0.0,0.0,3
23273,2018-11-30 03:54,0.0,0.0,3
23274,2018-11-30 03:55,0.0,0.0,3
23275,2018-11-30 03:56,0.0,0.0,3
23276,2018-11-30 03:57,59.26457700754957,18.008832142676322,3
23277,2018-11-30 03:58,59.264579812263,18.00881914126614,3
23278,2018-11-30 03:59,59.26455132093399,18.008917345687898,3
23279,2018-11-30 04:00,59.2646899,18.0085109,3
23280,2018-11-30 04:01,59.2646899,18.0085109,3
23281,2018-11-30 05:19,59.2646899,18.0085109,3
23282,2018-11-30 05:20,59.264687,18.0085293,3
23283,2018-11-30 05:21,59.2646756,18.0084829,3
23284,2018-11-30 05:22,59.2646898,18.0085007,3
23285,2018-11-30 05:23,59.2646812,18.0084859,3
23286,2018-11-30 05:24,59.2646812,18.0084859,3
23287,2018-11-30 05:25,59.2646812,18.0084859,3
23288,2018-11-30 05:26,59.2646812,18.0084859,3
23289,2018-11-30 05:27,59.2646812,18.0084859,3
23290,2018-11-30 05:28,59.2646812,18.0084859,3
23291,2018-11-30 05:29,59.2647085,18.0085419,3
23292,2018-11-30 05:30,59.2647085,18.0085419,3
23293,2018-11-30 05:31,59.2647085,18.0085419,3
23294,2018-11-30 05:32,59.2647085,18.0085419,3
23295,2018-11-30 05:33,59.2647085,18.0085419,3
23296,2018-11-30 06:08,0.0,0.0,3
23297,2018-11-30 06:09,59.2649203,18.0086643,3
23298,2018-11-30 06:10,59.2648591,18.0086822,3
23299,2018-11-30 06:11,59.26488611202542,18.008678966716904,3
23300,2018-11-30 06:12,59.2646746,18.0085013,3
23301,2018-11-30 06:13,59.26483961804137,18.008622404131824,3
23302,2018-11-30 06:14,59.2646726,18.0085087,3
23303,2018-11-30 06:15,59.2646673,18.0084874,3
23304,2018-11-30 06:16,59.2648096,18.0084584,3
23305,2018-11-30 06:17,59.2651952,18.0081885,3
23306,2018-11-30 06:18,59.2654102,18.0082335,3
23307,2018-11-30 06:19,59.2649583,18.0084222,3
23308,2018-11-30 06:20,59.2646775,18.0085306,3
23309,2018-11-30 06:21,59.2646775,18.0085306,3
23310,2018-11-30 06:22,59.26502684997759,18.008878968068007,3
23311,2018-11-30 06:23,59.26543828676201,18.008796132832618,3
23312,2018-11-30 06:24,59.265066407439846,18.00905832590423,3
23313,2018-11-30 06:25,59.26462760058144,18.010230582909077,3
23314,2018-11-30 06:26,59.26324475646305,18.01436970528948,3
23315,2018-11-30 06:27,59.26324475646305,18.01436970528948,3
23316,2018-11-30 06:28,59.26324475646305,18.01436970528948,3
23317,2018-11-30 06:36,59.2590652,18.033784,3
23318,2018-11-30 06:37,59.261961418355845,18.040944872235247,3
23319,2018-11-30 06:38,59.26582666937491,18.04293288396981,3
23320,2018-11-30 06:39,59.26854107865185,18.03840935088467,3
23321,2018-11-30 06:40,59.269471990470194,18.0430184571994,3
23322,2018-11-30 06:41,59.2688391493199,18.043419635603367,3
23323,2018-11-30 06:58,59.2816039,18.1118033,3
23324,2018-11-30 07:03,59.2888549,18.0896143,3
23325,2018-11-30 07:04,59.2907543,18.0869706,3
23326,2018-11-30 07:05,59.2949444,18.0849594,3
23327,2018-11-30 07:06,59.2972917,18.0831491,3
23328,2018-11-30 07:07,59.2989788,18.0820779,3
23329,2018-11-30 07:08,59.3009885,18.0807052,3
23330,2018-11-30 07:09,59.3061132,18.0798372,3
23331,2018-11-30 07:10,59.3059328,18.0756411,3
23332,2018-11-30 07:11,59.30654,18.076151,3
23333,2018-11-30 07:12,59.3157255,18.0706084,3
23334,2018-11-30 07:13,59.3219812,18.0670366,3
23335,2018-11-30 07:14,59.3077121,18.0790314,3
23336,2018-11-30 07:15,59.32378492685256,18.066732016238152,3
23337,2018-11-30 07:16,59.3269503,18.0627424,3
23338,2018-11-30 07:17,59.32910422991026,18.060488675278982,3
23339,2018-11-30 07:18,59.32989748054878,18.06285464587823,3
23340,2018-11-30 07:19,59.330471626028114,18.06439266980097,3
23341,2018-11-30 07:20,59.32963263912846,18.067846275355738,3
23342,2018-11-30 07:21,59.3294101251017,18.07095405275003,3
23343,2018-11-30 07:22,59.33026604981912,18.075412001530054,3
23344,2018-11-30 07:26,59.3329041,18.0799637,3
23345,2018-11-30 07:27,59.33259662097039,18.079728421303955,3
23346,2018-11-30 07:28,59.332801055278246,18.079982986641017,3
23347,2018-11-30 07:29,59.3328272,18.0800103,3
23348,2018-11-30 07:30,59.332827,18.0800061,3
23349,2018-11-30 07:31,59.33282650651963,18.080003529465586,3
23350,2018-11-30 07:32,59.3328265,18.0799982,3
23351,2018-11-30 07:33,59.3328154,18.0800089,3
23352,2018-11-30 07:34,59.3328495,18.0800051,3
23353,2018-11-30 07:35,59.33284575813813,18.080004119678296,3
23354,2018-11-30 07:36,59.3328462,18.0800026,3
23355,2018-11-30 07:37,59.332844309983365,18.08000473971832,3
23356,2018-11-30 07:38,59.33284103743506,18.080013436680797,3
23357,2018-11-30 07:39,59.332839593896985,18.08001134338266,3
23358,2018-11-30 07:40,59.3328403,18.0800123,3
23359,2018-11-30 07:41,59.332334,18.0797406,3
23360,2018-11-30 07:42,59.33302899178863,18.07589510527775,3
23361,2018-11-30 07:43,59.33323000452314,18.07139102364943,3
23362,2018-11-30 07:44,59.3337159,18.0713536,3
23363,2018-11-30 07:45,59.3337159,18.0713536,3
23364,2018-11-30 07:46,59.3342431,18.0709889,3
23365,2018-11-30 07:47,59.3289319,18.0633851,3
23366,2018-11-30 07:48,59.3289741,18.0625996,3
23367,2018-11-30 07:49,59.3289265,18.0620922,3
23368,2018-11-30 07:50,59.3288114,18.0623846,3
23369,2018-11-30 07:51,59.3288565,18.0623468,3
23370,2018-11-30 07:52,59.3288515,18.0623696,3
23371,2018-11-30 07:53,59.3288529,18.062338,3
23372,2018-11-30 07:54,59.328873,18.062314,3
23373,2018-11-30 07:55,59.3288835,18.0622808,3
23374,2018-11-30 07:56,59.3290283,18.0621059,3
23375,2018-11-30 07:57,59.3288844,18.0623358,3
23376,2018-11-30 07:58,59.3288815,18.0623314,3
23377,2018-11-30 07:59,59.328888409738106,18.06231123322902,3
23378,2018-11-30 08:00,59.3289962,18.0621013,3
23379,2018-11-30 08:01,59.3289006,18.0623002,3
23380,2018-11-30 08:02,59.3289105,18.0623012,3
23381,2018-11-30 08:03,59.328784,18.0611843,3
23382,2018-11-30 08:04,59.329029,18.0608242,3
23383,2018-11-30 08:05,59.3297258,18.0604047,3
23384,2018-11-30 08:06,59.322457,18.0673868,3
23385,2018-11-30 08:07,59.3219812,18.0670366,3
23386,2018-11-30 08:08,59.302085270097976,18.079028569485477,3
23387,2018-11-30 08:09,59.2989119,18.0784806,3
23388,2018-11-30 08:10,59.2934023,18.0458099,3
23389,2018-11-30 08:11,59.2882997,18.0492645,3
23390,2018-11-30 08:12,59.2856269,18.045301,3
23391,2018-11-30 08:13,59.2808775,18.0377195,3
23392,2018-11-30 08:14,59.278065,18.0297261,3
23393,2018-11-30 08:15,59.2793753,18.0199225,3
23394,2018-11-30 08:16,59.2769267,18.0152429,3
23395,2018-11-30 08:17,59.2776607,18.0072675,3
23396,2018-11-30 08:18,59.2781869,18.008424,3
23397,2018-11-30 08:19,59.2790408,18.0088025,3
23398,2018-11-30 08:20,59.2794054,18.0032522,3
23399,2018-11-30 08:21,59.2737528,18.0109749,3
23400,2018-11-30 08:22,59.2663637,18.0052175,3
23401,2018-11-30 08:23,59.2643092,18.0086418,3
23402,2018-11-30 08:24,59.2648898,18.0088971,3
23403,2018-11-30 08:25,59.2651776,18.0087227,3
23404,2018-11-30 08:26,59.2651776,18.0087227,3
23405,2018-11-30 08:27,59.26517760082864,18.00872273538409,3
23406,2018-11-30 08:28,59.26515275153559,18.008676807306518,3
23407,2018-11-30 08:29,59.26514319613871,18.008703368967414,3
23408,2018-11-30 08:34,59.2651329,18.008752,3
23409,2018-11-30 08:35,59.2651166,18.0087227,3
23410,2018-11-30 08:36,59.2651243,18.0087239,3
23411,2018-11-30 08:37,59.2651366,18.0087267,3
23412,2018-11-30 08:38,59.2651506,18.0087627,3
23413,2018-11-30 08:39,59.2651603,18.0087595,3
23414,2018-11-30 08:40,59.2651571529319,18.008753774717395,3
23415,2018-11-30 08:41,59.2651507,18.008394,3
23416,2018-11-30 08:42,59.2651507,18.008394,3
23417,2018-11-30 08:43,59.2651507,18.008394,3
23418,2018-11-30 08:44,59.2651507,18.008394,3
23419,2018-11-30 08:59,59.2647075,18.0085415,3
23420,2018-11-30 09:00,59.2647075,18.0085415,3
23421,2018-11-30 09:01,59.2647075,18.0085415,3
23422,2018-11-30 09:02,59.2647075,18.0085415,3
23423,2018-11-30 09:03,59.2647075,18.0085415,3
23424,2018-11-30 09:04,59.2647075,18.0085415,3
23425,2018-11-30 09:05,59.2647062,18.0085443,3
23426,2018-11-30 09:06,59.2647062,18.0085443,3
23427,2018-11-30 09:07,59.2647218,18.0085399,3
23428,2018-11-30 09:08,59.2647062,18.0085443,3
23429,2018-11-30 09:09,59.2647062,18.0085443,3
23430,2018-11-30 09:11,59.2647248,18.0085715,3
23431,2018-11-30 09:12,59.2647032,18.0085048,3
23432,2018-11-30 09:13,59.2647428,18.008612,3
23433,2018-11-30 09:14,59.2646903,18.0085042,3
23434,2018-11-30 09:15,59.2646903,18.0085042,3
23435,2018-11-30 09:16,59.26522552626695,18.00825073718917,3
23436,2018-11-30 09:18,59.26499025928772,18.00896953661696,3
23437,2018-11-30 09:20,59.264437741924496,18.007587550749005,3
23438,2018-11-30 09:21,59.272040796514624,18.011368944497036,3
23439,2018-11-30 09:22,59.27799169393322,18.02476816346254,3
23440,2018-11-30 09:23,59.27961036129823,18.034738320808497,3
23441,2018-11-30 09:24,59.28520841233161,18.04633534777507,3
23442,2018-11-30 09:30,59.2970102,18.0900505,3
23443,2018-11-30 09:31,59.2954418,18.0935209,3
23444,2018-11-30 09:32,59.295545,18.0934437,3
23445,2018-11-30 09:33,59.2955506,18.093461,3
23446,2018-11-30 09:34,59.2955406,18.0934762,3
23447,2018-11-30 09:35,59.2955495,18.093464,3
23448,2018-11-30 09:36,59.2954819,18.0935071,3
23449,2018-11-30 09:37,59.2954808,18.0935123,3
23450,2018-11-30 09:38,59.2954778,18.0935163,3
23451,2018-11-30 09:39,59.2954811,18.0935123,3
23452,2018-11-30 09:40,59.2954821,18.0934779,3
23453,2018-11-30 09:41,59.2954812,18.0935079,3
23454,2018-11-30 09:42,59.2954805,18.093513,3
23455,2018-11-30 09:43,59.295478,18.0936189,3
23456,2018-11-30 09:44,59.2954805,18.0934827,3
23457,2018-11-30 09:45,59.2955072,18.0934532,3
23458,2018-11-30 09:46,59.2954437,18.0935024,3
23459,2018-11-30 09:47,59.2954782,18.0934907,3
23460,2018-11-30 09:48,59.2954835,18.0935055,3
23461,2018-11-30 09:49,59.2954899,18.0934481,3
23462,2018-11-30 09:50,59.2954785,18.093518,3
23463,2018-11-30 09:51,59.2955022,18.0934411,3
23464,2018-11-30 09:52,59.297617,18.088112,3
23465,2018-11-30 09:53,59.2984063,18.0874149,3
23466,2018-11-30 09:54,59.2990466,18.0813135,3
23467,2018-11-30 09:55,59.2902725,18.087247,3
23468,2018-11-30 09:56,59.27898299617942,18.091832141469865,3
23469,2018-11-30 09:57,59.2681006806461,18.09616125368461,3
23470,2018-11-30 09:58,59.25712946975549,18.100374619068067,3
23471,2018-11-30 10:09,59.1742667,18.1423248,3
23472,2018-11-30 10:10,59.1752789,18.1424287,3
23473,2018-11-30 10:11,59.1745798,18.1437416,3
23474,2018-11-30 10:12,59.17483149095617,18.14330536106948,3
23475,2018-11-30 10:13,59.1708710661137,18.148090017434697,3
23476,2018-11-30 10:14,59.167406,18.1540216,3
23477,2018-11-30 10:15,59.1677763596644,18.15900840531976,3
23478,2018-11-30 10:16,59.1631686,18.1625823,3
23479,2018-11-30 10:17,59.16559404412281,18.17810605184546,3
23480,2018-11-30 10:18,59.15698909527397,18.18009492717541,3
23481,2018-11-30 10:19,59.14835349378879,18.18017591071214,3
23482,2018-11-30 10:20,59.1391255,18.1864327,3
23483,2018-11-30 10:21,59.1302864,18.1930115,3
23484,2018-11-30 10:22,59.1259508,18.2106709,3
23485,2018-11-30 10:23,59.1213783,18.2275627,3
23486,2018-11-30 10:24,59.1208754,18.245946,3
23487,2018-11-30 10:25,59.1154952,18.262197,3
23488,2018-11-30 10:26,59.1160304,18.2798304,3
23489,2018-11-30 10:27,59.1209078,18.2966435,3
23490,2018-11-30 10:28,59.1248589,18.3118986,3
23491,2018-11-30 10:29,59.1280025,18.3332947,3
23492,2018-11-30 10:30,59.1332744,18.3548333,3
23493,2018-11-30 10:31,59.1361134,18.3699653,3
23494,2018-11-30 10:32,59.1395888,18.3860157,3
23495,2018-11-30 10:33,59.1385951,18.3806461,3
23496,2018-11-30 10:34,59.1413744,18.3997506,3
23497,2018-11-30 10:35,59.14127588869703,18.40097120290289,3
23498,2018-11-30 10:36,59.1412399,18.4009278,3
23499,2018-11-30 10:37,59.1412468,18.4009596,3
23500,2018-11-30 10:38,59.1412489,18.4009451,3
23501,2018-11-30 10:39,59.1412452,18.4009436,3
23502,2018-11-30 10:40,59.1405398,18.3973125,3
23503,2018-11-30 10:41,59.1398984,18.3875868,3
23504,2018-11-30 10:42,59.1363541,18.3706473,3
23505,2018-11-30 10:43,59.1329445,18.3533343,3
23506,2018-11-30 10:44,59.1285466,18.3350523,3
23507,2018-11-30 10:45,59.1251911,18.3152613,3
23508,2018-11-30 10:46,59.1212523,18.2984682,3
23509,2018-11-30 10:47,59.1161358,18.2810447,3
23510,2018-11-30 10:48,59.11500318219007,18.26311253176296,3
23511,2018-11-30 10:49,59.12064033463337,18.24756826715182,3
23512,2018-11-30 10:50,59.1205993,18.2311017,3
23513,2018-11-30 10:51,59.1245118,18.2153011,3
23514,2018-11-30 10:52,59.1279434,18.1973159,3
23515,2018-11-30 10:53,59.1357141,18.1883788,3
23516,2018-11-30 10:54,59.1455127,18.1820749,3
23517,2018-11-30 10:55,59.1546525,18.1789272,3
23518,2018-11-30 10:56,59.1554527,18.1642024,3
23519,2018-11-30 10:57,59.1547797,18.1554147,3
23520,2018-11-30 10:58,59.167512,18.159295,3
23521,2018-11-30 10:59,59.1811096,18.1544292,3
23522,2018-11-30 11:00,59.1931819,18.1399033,3
23523,2018-11-30 11:01,59.2053324,18.1309411,3
23524,2018-11-30 11:02,59.219426,18.1346899,3
23525,2018-11-30 11:03,59.2313188,18.1242736,3
23526,2018-11-30 11:04,59.2429395,18.1158978,3
23527,2018-11-30 11:05,59.2480429,18.1002755,3
23528,2018-11-30 11:06,59.2578101,18.10061,3
23529,2018-11-30 11:07,59.2604499,18.0972518,3
23530,2018-11-30 11:08,59.2584252,18.0839388,3
23531,2018-11-30 11:09,59.2581594,18.0814431,3
23532,2018-11-30 11:10,59.2625417,18.0648872,3
23533,2018-11-30 11:11,59.2675807,18.0589544,3
23534,2018-11-30 11:12,59.2700526,18.0544861,3
23535,2018-11-30 11:13,59.2746237,18.0459994,3
23536,2018-11-30 11:14,59.2742998,18.049775,3
23537,2018-11-30 11:15,59.275545,18.0538059,3
23538,2018-11-30 11:16,59.2773008,18.052583,3
23539,2018-11-30 11:18,59.2773008,18.052583,3
23540,2018-11-30 11:19,59.277343,18.052454,3
23541,2018-11-30 11:20,59.27545284539274,18.053609703114493,3
23542,2018-11-30 11:21,59.274311441814646,18.05052695205188,3
23543,2018-11-30 11:22,59.274106263706805,18.04529479906624,3
23544,2018-11-30 11:23,59.279539732906336,18.038271068189463,3
23545,2018-11-30 11:24,59.28119551167698,18.039206984403823,3
23546,2018-11-30 11:25,59.28617410263334,18.045671595884112,3
23547,2018-11-30 11:26,59.2887448,18.0524712,3
23548,2018-11-30 11:27,59.2934023,18.0458099,3
23549,2018-11-30 11:28,59.2985046,18.1010605,3
23550,2018-11-30 11:41,59.33246496063643,18.265016499040694,3
23551,2018-11-30 11:42,59.3387728666885,18.264416301792103,3
23552,2018-11-30 11:43,59.34295843150322,18.252802339718897,3
23553,2018-11-30 11:44,59.344310255596966,18.24384717988259,3
23554,2018-11-30 11:45,59.3455454,18.2400991,3
23555,2018-11-30 11:46,59.344287739940505,18.24269768595388,3
23556,2018-11-30 11:47,59.342603644182425,18.25397011102228,3
23557,2018-11-30 11:48,59.33836244525778,18.265432540834976,3
23558,2018-11-30 11:49,59.3339233165447,18.264262272181863,3
23559,2018-11-30 11:50,59.33222336278327,18.2650984772772,3
23560,2018-11-30 12:10,59.3201918,18.0737988,3
23561,2018-11-30 12:11,59.3328134,18.0524436,3
23562,2018-11-30 12:12,59.3333183,18.0542751,3
23563,2018-11-30 12:13,59.3334447,18.0543746,3
23564,2018-11-30 12:14,59.3334728,18.0542338,3
23565,2018-11-30 12:15,59.3338151,18.0558715,3
23566,2018-11-30 12:16,59.334482,18.0591271,3
23567,2018-11-30 12:17,59.3352959,18.062071,3
23568,2018-11-30 12:18,59.3356465,18.0633687,3
23569,2018-11-30 12:19,59.3361745,18.0671661,3
23570,2018-11-30 12:20,59.3361721,18.0680813,3
23571,2018-11-30 12:21,59.3362501,18.0693365,3
23572,2018-11-30 12:22,59.3363011,18.0704842,3
23573,2018-11-30 12:23,59.3367889,18.0733053,3
23574,2018-11-30 12:24,59.33879394800093,18.074839673084384,3
23575,2018-11-30 12:25,59.3417962,18.0773466,3
23576,2018-11-30 12:26,59.3440252,18.0795109,3
23577,2018-11-30 12:27,59.3464487,18.0845541,3
23578,2018-11-30 12:28,59.3485082,18.0922428,3
23579,2018-11-30 12:29,59.3499644,18.0974444,3
23580,2018-11-30 12:30,59.350838407617815,18.10318931133309,3
23581,2018-11-30 12:31,59.35763342061719,18.104673810742245,3
23582,2018-11-30 12:32,59.36301689649099,18.11728294755633,3
23583,2018-11-30 12:33,59.36685571205423,18.116382869195625,3
23584,2018-11-30 12:34,59.36924257783543,18.12057703079392,3
23585,2018-11-30 12:35,59.369156890730224,18.120340881047262,3
23586,2018-11-30 12:50,59.3769127,18.2047394,3
23587,2018-11-30 12:51,59.3789502,18.2064001,3
23588,2018-11-30 12:52,59.3789024,18.206808,3
23589,2018-11-30 12:53,59.3773156,18.2047823,3
23590,2018-11-30 12:54,59.3732008,18.1979288,3
23591,2018-11-30 12:55,59.3752341,18.180385,3
23592,2018-11-30 12:56,59.3724485,18.1673985,3
23593,2018-11-30 12:57,59.3715939,18.1534633,3
23594,2018-11-30 12:58,59.3709002,18.1376945,3
23595,2018-11-30 12:59,59.3709257,18.1273441,3
23596,2018-11-30 13:00,59.3664408,18.1158045,3
23597,2018-11-30 13:01,59.3594492,18.1081198,3
23598,2018-11-30 13:02,59.3508439,18.1035231,3
23599,2018-11-30 13:03,59.3524136,18.0945713,3
23600,2018-11-30 13:04,59.3521569,18.0659341,3
23601,2018-11-30 13:05,59.3528498,18.0358842,3
23602,2018-11-30 13:06,59.355692,18.034416,3
23603,2018-11-30 13:07,59.3643704,18.0232455,3
23604,2018-11-30 13:08,59.3753953,18.0161512,3
23605,2018-11-30 13:09,59.385367,18.004636,3
23606,2018-11-30 13:10,59.3939781,17.9870589,3
23607,2018-11-30 13:11,59.4038719,17.9692864,3
23608,2018-11-30 13:12,59.41281149445268,17.946219300277388,3
23609,2018-11-30 13:13,59.4218384,17.9254393,3
23610,2018-11-30 13:14,59.4336014,17.9230978,3
23611,2018-11-30 13:15,59.4493257,17.9195649,3
23612,2018-11-30 13:16,59.4640378,17.910905,3
23613,2018-11-30 13:17,59.4794681464571,17.91979924895145,3
23614,2018-11-30 13:18,59.4954567,17.9227325,3
23615,2018-11-30 13:19,59.5102179,17.9239546,3
23616,2018-11-30 13:20,59.523692,17.9265715,3
23617,2018-11-30 13:21,59.5328275,17.9181096,3
23618,2018-11-30 13:22,59.5392748,17.9078027,3
23619,2018-11-30 13:23,59.5515271,17.8992591,3
23620,2018-11-30 13:24,59.5657452,17.897448,3
23621,2018-11-30 13:25,59.5793975,17.9009343,3
23622,2018-11-30 13:26,59.5939847,17.8963208,3
23623,2018-11-30 13:27,59.6089286,17.8997614,3
23624,2018-11-30 13:28,59.6193773,17.9063668,3
23625,2018-11-30 13:29,59.6301177,17.9241837,3
23626,2018-11-30 13:30,59.6405904,17.9373895,3
23627,2018-11-30 13:31,59.6475022,17.9318348,3
23628,2018-11-30 13:32,59.6445423,17.9295095,3
23629,2018-11-30 13:33,59.6445409,17.9295097,3
23630,2018-11-30 13:34,59.6445396,17.9295144,3
23631,2018-11-30 13:35,59.644391,17.9337955,3
23632,2018-11-30 13:36,59.6461356,17.9342975,3
23633,2018-11-30 13:37,59.6453108,17.9343613,3
23634,2018-11-30 13:38,59.6454275641955,17.93465758902884,3
23635,2018-11-30 13:39,59.64545991876519,17.934616829613002,3
23636,2018-11-30 13:40,59.64548241710132,17.93463533141917,3
23637,2018-11-30 13:41,59.64529835910316,17.93488706107449,3
23638,2018-11-30 13:42,59.64529835910316,17.93488706107449,3
23639,2018-11-30 13:43,59.64529835910316,17.93488706107449,3
23640,2018-11-30 13:44,59.6454094,17.934539,3
23641,2018-11-30 13:45,59.6449992,17.9367087,3
23642,2018-11-30 13:46,59.6481564,17.9299127,3
23643,2018-11-30 13:47,59.6436899,17.9365357,3
23644,2018-11-30 13:48,59.6337833,17.9299643,3
23645,2018-11-30 13:49,59.6252268,17.9158802,3
23646,2018-11-30 13:50,59.6157303,17.8915063,3
23647,2018-11-30 13:51,59.6045638,17.8993125,3
23648,2018-11-30 13:52,59.5901816,17.8972528,3
23649,2018-11-30 13:53,59.5755159,17.9000367,3
23650,2018-11-30 13:54,59.5607463,17.8977066,3
23651,2018-11-30 13:55,59.546037418908064,17.901519505879072,3
23652,2018-11-30 13:56,59.5358153,17.9124221,3
23653,2018-11-30 13:57,59.5241251,17.9263793,3
23654,2018-11-30 13:58,59.5113715,17.9237946,3
23655,2018-11-30 13:59,59.4960988,17.9230104,3
23656,2018-11-30 14:00,59.4820338,17.9197564,3
23657,2018-11-30 14:01,59.4702836,17.9128947,3
23658,2018-11-30 14:02,59.4579336,17.9121575,3
23659,2018-11-30 14:03,59.4464918,17.9203258,3
23660,2018-11-30 14:04,59.4343862,17.9234907,3
23661,2018-11-30 14:05,59.4238336,17.9237937,3
23662,2018-11-30 14:06,59.4148403,17.9403826,3
23663,2018-11-30 14:07,59.4074709,17.9602426,3
23664,2018-11-30 14:08,59.3987068,17.9776714,3
23665,2018-11-30 14:09,59.3900877,17.9968075,3
23666,2018-11-30 14:10,59.3847316,18.0051801,3
23667,2018-11-30 14:11,59.3809556,18.009744,3
23668,2018-11-30 14:12,59.3776294,18.0134233,3
23669,2018-11-30 14:13,59.3762445,18.0148643,3
23670,2018-11-30 14:14,59.3746476,18.0167186,3
23671,2018-11-30 14:15,59.3730236,18.0185087,3
23672,2018-11-30 14:16,59.37091601977968,18.019800875514928,3
23673,2018-11-30 14:17,59.3686132,18.0201802,3
23674,2018-11-30 14:18,59.3672053,18.0204015,3
23675,2018-11-30 14:19,59.3654935,18.0213682,3
23676,2018-11-30 14:20,59.3636487,18.0241153,3
23677,2018-11-30 14:21,59.3623442,18.0257171,3
23678,2018-11-30 14:22,59.3582763,18.0295763,3
23679,2018-11-30 14:23,59.35393787689471,18.033508023048448,3
23680,2018-11-30 14:24,59.3526984958313,18.03402324818627,3
23681,2018-11-30 14:25,59.3526482,18.0298694,3
23682,2018-11-30 14:26,59.350775,18.0293194,3
23683,2018-11-30 14:27,59.3485468,18.0303723,3
23684,2018-11-30 14:28,59.34791932024416,18.02976844801985,3
23685,2018-11-30 14:29,59.34625303785341,18.032918441575063,3
23686,2018-11-30 14:30,59.3441786,18.0351546,3
23687,2018-11-30 14:31,59.3419629,18.037194,3
23688,2018-11-30 14:32,59.3415391,18.0375594,3
23689,2018-11-30 14:33,59.3383495,18.0403023,3
23690,2018-11-30 14:34,59.3365686,18.0461715,3
23691,2018-11-30 14:35,59.3355818,18.0521942,3
23692,2018-11-30 14:36,59.3344141,18.055048,3
23693,2018-11-30 14:37,59.3345529,18.0552673,3
23694,2018-11-30 14:38,59.33430870804923,18.055817409740712,3
23695,2018-11-30 14:39,59.333052,18.0537255,3
23696,2018-11-30 14:40,59.331891,18.0491365,3
23697,2018-11-30 14:41,59.3313565,18.046447,3
23698,2018-11-30 14:42,59.3315393,18.0445668,3
23699,2018-11-30 14:43,59.32916492380881,18.043181579092277,3
23700,2018-11-30 14:44,59.32884295041497,18.043089146364565,3
23701,2018-11-30 14:45,59.327541435744,18.036611290662044,3
23702,2018-11-30 14:46,59.32931369492415,18.026638765108327,3
23703,2018-11-30 14:47,59.33097728642737,18.021181094117,3
23704,2018-11-30 15:15,59.2647504,18.0087805,3
23705,2018-11-30 15:16,59.2647198,18.0085332,3
23706,2018-11-30 15:17,59.2647198,18.0085332,3
23707,2018-11-30 15:18,59.2647198,18.0085332,3
23708,2018-11-30 15:19,59.2647198,18.0085332,3
23709,2018-11-30 15:20,59.2647198,18.0085332,3
23710,2018-11-30 15:21,59.2647198,18.0085332,3
23711,2018-11-30 17:19,59.2647068,18.0085427,3
23712,2018-11-30 17:20,59.26488723112312,18.008151103096406,3
23713,2018-11-30 17:21,59.264739652596994,18.008429974847573,3
23714,2018-11-30 17:22,59.26454116473529,18.008279042289708,3
23715,2018-11-30 17:23,59.26428379585462,18.007991846592976,3
23716,2018-11-30 17:24,59.26418838810861,18.00793785789428,3
23717,2018-11-30 17:27,59.2647284,18.0085201,3
23718,2018-11-30 17:28,59.2645315,18.008786,3
23719,2018-11-30 17:29,59.264934,18.0079082,3
23720,2018-11-30 17:30,59.2647573,18.008559,3
23721,2018-11-30 17:31,59.2647055,18.008542,3
23722,2018-11-30 17:32,59.2647054,18.0085425,3
23723,2018-11-30 17:33,59.2647085,18.0085473,3
23724,2018-11-30 17:34,59.2647149,18.0085551,3
23725,2018-11-30 17:35,59.2646049,18.0078444,3
23726,2018-11-30 17:36,59.264616,18.0083436,3
23727,2018-11-30 17:37,59.2643321,18.0079348,3
23728,2018-11-30 17:38,59.2653702,18.0086681,3
23729,2018-11-30 17:39,59.2650629,18.0084507,3
23730,2018-11-30 17:40,59.2647138,18.0085557,3
23731,2018-11-30 17:41,59.2647143,18.0085569,3
23732,2018-11-30 17:42,59.2647064,18.0085434,3
23733,2018-11-30 17:43,59.2647133,18.0085562,3
23734,2018-11-30 17:44,59.2647144,18.0085566,3
23735,2018-11-30 17:45,59.2647068,18.0085439,3
23736,2018-11-30 17:46,59.2647089,18.008548,3
23737,2018-11-30 17:47,59.2646965,18.0085216,3
23738,2018-11-30 17:48,59.2647061,18.0085429,3
23739,2018-11-30 17:49,59.2646957,18.0085222,3
23740,2018-11-30 17:50,59.264705,18.0085203,3
23741,2018-11-30 17:51,59.2647067,18.0085451,3
23742,2018-11-30 17:52,59.264706,18.0085444,3
23743,2018-11-30 17:53,59.264706,18.008544,3
23744,2018-11-30 20:57,59.2647069,18.0085437,3
